posicao,timeId,time,cartola,pontos,vitorias,empates,derrotas,pontos_cartola
1,412461,DOPAMINA EC,Daniel França,51,17,0,5,1583.44
2,44621127,EC Alabarda,Danilo França,45,15,0,7,1558.51
3,25463586,Galináceos SC,Felipe França,43,14,1,7,1525.25
4,60484,vitorianosec,joabe frança,42,14,0,8,1578.33
5,44864390,Malditos Peaky Blinders EC,Everton Vilas Boas,42,14,0,8,1516.69
6,29475619,LEÃO NA DM SAF ,Daniel Vitor,42,14,0,8,1475.77
7,39434,Patrício Macário FC,Rafael França,39,13,0,9,1374.98
8,47636112,Ec vingador,Jessé Alisson,34,11,1,10,1345.03
9,722702,Leth Leth,Letícia França,33,11,0,11,1514.04
10,8079230,Fatal Model ECV 1899,Efraim cunha,33,11,0,11,1413.74
11,472843,C@RTOL@NTE,Jocimar França ,33,11,0,11,1220.35
12,193892,LEÃO EQUATORIAL,TIAGO FRANÇA,30,10,0,12,1452.80
13,49202373,Arivifc,Leandro ,30,10,0,12,1224.86
14,47673083,Warriors Sccp 28,Jr Maciel,27,9,0,13,1446.86
15,14650635,CD GRRM,Joás França,27,9,0,13,1378.04
16,220541,Aramis Lizo,Adson Erlo,27,9,0,13,1304.33
17,43082,ESCRORPETA FC,Gabriel França,24,8,0,14,1206.98
18,48417184,boleiroPIVÔ,Lucca Valverde,21,7,0,15,1351.64
19,19986958,Trivela Captação de Atletas,Aldo França,18,6,0,16,1369.50
20,719615,FagundesCruzFC,Salomão,18,6,0,16,1213.12
