posicao,timeId,time,cartola,pontos,vitorias,empates,derrotas,pontos_cartola
1,412461,DOPAMINA EC,Daniel França,48,16,0,3,1387.29
2,25463586,Galináceos SC,Felipe França,40,13,1,5,1310.80
3,29475619,LEÃO NA DM SAF ,Daniel Vitor,39,13,0,6,1271.63
4,60484,vitorianosec,joabe frança,36,12,0,7,1377.09
5,44621127,EC Alabarda,Danilo França,36,12,0,7,1354.07
6,44864390,Malditos Peaky Blinders EC,Everton Vilas Boas,33,11,0,8,1277.30
7,193892,LEÃO EQUATORIAL,TIAGO FRANÇA,30,10,0,9,1247.31
8,39434,Patrício Macário FC,Rafael França,30,10,0,9,1135.75
9,472843,C@RTOL@NTE,Jocimar França ,30,10,0,9,1080.43
10,47636112,Ec vingador,Jessé Alisson,28,9,1,9,1158.55
11,722702,Leth Leth,Letícia França,27,9,0,10,1282.57
12,47673083,Warriors Sccp 28,Jr Maciel,24,8,0,11,1218.61
13,8079230,Fatal Model ECV 1899,Efraim cunha,24,8,0,11,1201.43
14,14650635,CD GRRM,Joás França,24,8,0,11,1198.59
15,220541,Aramis Lizo,Adson Erlo,24,8,0,11,1129.60
16,49202373,Arivifc,Leandro ,24,8,0,11,1076.76
17,43082,ESCRORPETA FC,Gabriel França,24,8,0,11,1061.13
18,48417184,boleiroPIVÔ,Lucca Valverde,21,7,0,12,1173.10
19,719615,FagundesCruzFC,Salomão,15,5,0,14,1035.41
20,19986958,Trivela Captação de Atletas,Aldo França,12,4,0,15,1177.06