posicao,timeId,time,cartola,pontos,vitorias,empates,derrotas,pontos_cartola
1,412461,DOPAMINA EC,Daniel França,48,16,0,4,1467.46
2,25463586,Galináceos SC,Felipe França,43,14,1,5,1406.52
3,29475619,LEÃO NA DM SAF ,Daniel Vitor,42,14,0,6,1358.15
4,60484,vitorianosec,joabe frança,39,13,0,7,1490.81
5,44621127,EC Alabarda,Danilo França,39,13,0,7,1416.64
6,44864390,Malditos Peaky Blinders EC,Everton Vilas Boas,36,12,0,8,1400.72
7,39434,Patrício Macário FC,Rafael França,33,11,0,9,1246.97
8,722702,Leth Leth,Letícia França,30,10,0,10,1378.29
9,193892,LEÃO EQUATORIAL,TIAGO FRANÇA,30,10,0,10,1344.23
10,472843,C@RTOL@NTE,Jocimar França ,30,10,0,10,1141.13
11,47636112,Ec vingador,Jessé Alisson,28,9,1,10,1226.97
12,47673083,Warriors Sccp 28,Jr Maciel,27,9,0,11,1337.43
13,8079230,Fatal Model ECV 1899,Efraim cunha,27,9,0,11,1297.25
14,49202373,Arivifc,Leandro ,27,9,0,11,1137.76
15,14650635,CD GRRM,Joás França,24,8,0,12,1260.59
16,220541,Aramis Lizo,Adson Erlo,24,8,0,12,1199.62
17,43082,ESCRORPETA FC,Gabriel França,24,8,0,12,1119.35
18,48417184,boleiroPIVÔ,Lucca Valverde,21,7,0,13,1260.72
19,719615,FagundesCruzFC,Salomão,15,5,0,15,1105.13
20,19986958,Trivela Captação de Atletas,Aldo França,12,4,0,16,1245.28
