posicao,timeId,time,cartola,pontos,vitorias,empates,derrotas,pontos_cartola
1,412461,DOPAMINA EC,Daniel França,48,16,0,5,1510.77
2,25463586,Galináceos SC,Felipe França,43,14,1,6,1444.98
3,60484,vitorianosec,joabe frança,42,14,0,7,1527.51
4,44621127,EC Alabarda,Danilo França,42,14,0,7,1470.74
5,29475619,LEÃO NA DM SAF ,Daniel Vitor,42,14,0,7,1413.15
6,44864390,Malditos Peaky Blinders EC,Everton Vilas Boas,39,13,0,8,1450.72
7,39434,Patrício Macário FC,Rafael França,36,12,0,9,1313.16
8,472843,C@RTOL@NTE,Jocimar França ,33,11,0,10,1179.13
9,47636112,Ec vingador,Jessé Alisson,31,10,1,10,1282.73
10,722702,Leth Leth,Letícia França,30,10,0,11,1426.49
11,193892,LEÃO EQUATORIAL,TIAGO FRANÇA,30,10,0,11,1389.73
12,8079230,Fatal Model ECV 1899,Efraim cunha,30,10,0,11,1342.62
13,49202373,Arivifc,Leandro ,30,10,0,11,1189.34
14,47673083,Warriors Sccp 28,Jr Maciel,27,9,0,12,1373.84
15,220541,Aramis Lizo,Adson Erlo,27,9,0,12,1245.38
16,14650635,CD GRRM,Joás França,24,8,0,13,1303.54
17,43082,ESCRORPETA FC,Gabriel França,24,8,0,13,1147.66
18,48417184,boleiroPIVÔ,Lucca Valverde,21,7,0,14,1299.74
19,19986958,Trivela Captação de Atletas,Aldo França,15,5,0,16,1307.28
20,719615,FagundesCruzFC,Salomão,15,5,0,16,1143.20
